{
    "foreground_intensity_properties_per_channel": {
        "0": {
            "max": 4439.0,
            "mean": 518.4749145507812,
            "median": 498.0,
            "min": -2.0,
            "percentile_00_5": 102.0,
            "percentile_99_5": 1559.0,
            "std": 237.89584350585938
        }
    },
    "median_relative_size_after_cropping": 0.996875,
    "shapes_after_crop": [
        [
            33,
            254,
            255
        ],
        [
            33,
            256,
            256
        ],
        [
            33,
            254,
            255
        ],
        [
            33,
            254,
            255
        ],
        [
            33,
            254,
            255
        ],
        [
            33,
            256,
            256
        ],
        [
            34,
            254,
            254
        ],
        [
            37,
            254,
            255
        ],
        [
            38,
            255,
            255
        ],
        [
            36,
            255,
            255
        ],
        [
            40,
            256,
            255
        ],
        [
            45,
            208,
            255
        ],
        [
            35,
            255,
            255
        ],
        [
            42,
            255,
            255
        ],
        [
            28,
            254,
            255
        ],
        [
            22,
            254,
            255
        ],
        [
            56,
            240,
            319
        ],
        [
            33,
            254,
            255
        ],
        [
            33,
            254,
            255
        ],
        [
            56,
            240,
            319
        ],
        [
            56,
            240,
            320
        ],
        [
            56,
            240,
            319
        ],
        [
            56,
            240,
            320
        ],
        [
            56,
            240,
            319
        ],
        [
            56,
            240,
            319
        ],
        [
            56,
            240,
            319
        ],
        [
            56,
            240,
            320
        ],
        [
            56,
            240,
            319
        ],
        [
            56,
            240,
            319
        ],
        [
            55,
            240,
            319
        ],
        [
            55,
            240,
            319
        ],
        [
            55,
            240,
            319
        ],
        [
            55,
            240,
            320
        ],
        [
            55,
            240,
            319
        ],
        [
            55,
            240,
            320
        ],
        [
            55,
            240,
            319
        ],
        [
            55,
            240,
            320
        ],
        [
            53,
            240,
            319
        ],
        [
            55,
            240,
            319
        ],
        [
            53,
            240,
            320
        ],
        [
            53,
            240,
            319
        ],
        [
            53,
            240,
            320
        ],
        [
            59,
            240,
            319
        ],
        [
            59,
            240,
            320
        ],
        [
            59,
            240,
            319
        ],
        [
            59,
            240,
            320
        ],
        [
            53,
            240,
            319
        ],
        [
            53,
            240,
            320
        ],
        [
            53,
            240,
            319
        ],
        [
            55,
            240,
            319
        ],
        [
            53,
            240,
            320
        ],
        [
            56,
            220,
            319
        ],
        [
            56,
            220,
            320
        ],
        [
            56,
            220,
            319
        ],
        [
            56,
            220,
            320
        ],
        [
            45,
            255,
            255
        ],
        [
            45,
            255,
            256
        ],
        [
            45,
            255,
            255
        ],
        [
            45,
            256,
            256
        ],
        [
            34,
            254,
            254
        ],
        [
            53,
            240,
            319
        ],
        [
            34,
            254,
            255
        ],
        [
            34,
            256,
            256
        ],
        [
            37,
            254,
            255
        ],
        [
            37,
            254,
            256
        ],
        [
            37,
            254,
            255
        ],
        [
            37,
            256,
            256
        ],
        [
            38,
            255,
            255
        ],
        [
            38,
            255,
            256
        ],
        [
            38,
            255,
            255
        ],
        [
            38,
            256,
            256
        ],
        [
            59,
            240,
            319
        ],
        [
            36,
            255,
            255
        ],
        [
            36,
            256,
            256
        ],
        [
            36,
            255,
            255
        ],
        [
            36,
            256,
            256
        ],
        [
            40,
            255,
            255
        ],
        [
            40,
            256,
            256
        ],
        [
            40,
            256,
            255
        ],
        [
            40,
            256,
            256
        ],
        [
            45,
            208,
            255
        ],
        [
            45,
            208,
            255
        ],
        [
            53,
            240,
            319
        ],
        [
            45,
            208,
            255
        ],
        [
            45,
            208,
            256
        ],
        [
            35,
            255,
            255
        ],
        [
            35,
            255,
            256
        ],
        [
            35,
            255,
            255
        ],
        [
            35,
            256,
            256
        ],
        [
            42,
            255,
            255
        ],
        [
            42,
            256,
            256
        ],
        [
            42,
            255,
            255
        ],
        [
            42,
            256,
            256
        ],
        [
            56,
            220,
            319
        ],
        [
            28,
            254,
            255
        ],
        [
            28,
            254,
            255
        ],
        [
            28,
            254,
            255
        ],
        [
            28,
            256,
            256
        ],
        [
            22,
            254,
            255
        ],
        [
            22,
            254,
            255
        ],
        [
            22,
            254,
            255
        ],
        [
            22,
            256,
            256
        ],
        [
            33,
            254,
            255
        ],
        [
            33,
            254,
            255
        ],
        [
            45,
            255,
            255
        ]
    ],