{
    "foreground_intensity_properties_per_channel": {
        "0": {
            "max": 200.0,
            "mean": -56.32555389404297,
            "median": -85.0,
            "min": -200.0,
            "percentile_00_5": -147.0,
            "percentile_99_5": 95.0,
            "std": 63.74857711791992
        }
    },
    "median_relative_size_after_cropping": 1.0,
    "shapes_after_crop": [
        [
            1,
            512,
            512
        ],
        [
            1,
            512,
            512
        ],
        [
            1,
            512,
            512
        ],
        [
            1,
            512,
            512
        ],
        [
            1,
            512,
            512
        ],
        [
            1,
            512,
            512
        ],
        [
            1,
            512,
            512
        ],
        [
            1,
            512,
            512
        ],
        [
            1,
            512,
            512
        ],
        [
            1,
            512,
            512
        ],
        [
            1,
            512,
            512
        ],
        [
            1,
            512,
            512
        ],
        [
            1,
            512,
            512
        ],
        [
            1,
            512,
            512
        ],
        [
            1,
            512,
            512
        ],
        [
            1,
            512,
            512
        ],
        [
            1,
            512,
            512
        ],
        [
            1,
            512,
            512
        ]
    ],
    "spacings": [
        [
            1.0,
            0.6171875,
            0.6171875
        ],
        [
            1.0,
            0.640625,
            0.640625
        ],
        [
            1.0,
            0.78515625,
            0.78515625
        ],
        [
            1.0,
            0.61328125,
            0.61328125
        ],
        [
            1.0,
            0.625,
            0.625
        ],
        [
            1.0,
            0.775390625,
            0.775390625
        ],
        [
            1.0,
            0.671875,
            0.671875
        ],
        [
            1.0,
            0.7109375,
            0.7109375
        ],
        [
            1.0,
            0.71484375,
            0.71484375
        ],
        [
            1.0,
            0.75,
            0.75
        ],
        [
            1.0,
            0.7734375,
            0.7734375
        ],
        [
            1.0,
            0.69921875,
            0.69921875
        ],
        [
            1.0,
            0.69140625,
            0.69140625
        ],
        [
            1.0,
            0.70703125,
            0.70703125
        ],
        [
            1.0,
            0.63671875,
            0.63671875
        ],
        [
            1.0,
            0.662109375,
            0.662109375
        ],
        [
            1.0,
            0.73046875,
            0.73046875
        ],
        [
            1.0,
            0.71875,
            0.71875
        ]
    ]
}